{"train_loss": 0.006733365729789074, "epoch": 1, "trainer/global_step": 1199, "_runtime": 294, "_timestamp": 1643481049, "_step": 149, "val_loss": 0.005162520334124565}