{"train_loss": 0.005823256134548602, "epoch": 18, "trainer/global_step": 18149, "_runtime": 3046, "_timestamp": 1643748408, "_step": 1007, "val_loss": 0.004723104182630777}