{"train_loss": 0.26033782958984375, "epoch": 1, "trainer/global_step": 1503, "_runtime": 547, "_timestamp": 1642683427, "_step": 31, "val_loss": 0.37962353229522705, "_wandb": {"runtime": 563}}